Status of Permission/Denial for the Academic Year 2025-26 as on 11-11-2025,,,,,,,,,,
No,College Name,STATE,College Code,Govt/ Pvt,"Permission UG
(Including EWS)",Permission PG,Permission PG  (Subject Wise),Reduction of Seats,"MARBH
Decision",Scheme
1,"A.S.R. Homoeopathic Medical College, Y - Junction,, Prathipadu, Tadepalligudem, West Godavari - 534146. asrhmctpg@gmail.com",Andhra Pradesh,101,Private,100,-,-,-,Conditional Permission,UG
2,"Dr. Allu Ramalingaiah Govt. Homoeopathic Medical College, 26-1-11, Y Junction, Rajamahendravaram, East Godavari - 533106. drarghmc_rjy@yahoo.com",Andhra Pradesh,102,Govt.,63,23,Organon of Medicine-8 Materia Medica-8 Repertory-7,-,Permission,UG+PG
3,"Dr. Gururaju Govt. Homoeopathic Medical College, Gudivada, Krishna Distt.- 521301. gghmc_gdv@yahoo.com",Andhra Pradesh,103,Govt.,50,23,Organon of Medicine-8 Materia Medica-8 Repertory-7,-,Conditional Permission,UG+PG
4,"Govt. Homoeopathic Medical College, Rama Raju Palli, Ravindra Nagar Post, Kadapa Cuddapah, Andhra Pradesh, 516003. ghmckdpap@gmail.com",Andhra Pradesh,104,Govt.,38,8,Organon of Medicine-4 Pharmacy-4,-,Conditional Permission,UG+PG
5,"KKC Homoeopathic Medical College, 1-52, KKC Nagar, Parameswara Mangalam, Chittoor- 517584. kkcptr@gmail.com",Andhra Pradesh,105,Private,100,-,-,-,Conditional Permission,UG
6,"Maharajaha Institute of Homoeopathy Sciences and Hospital, D.NO: 31-15,, NELLIMARLA NEAR
M.D.O. OFFICE,
NELLIMARLA, Vizianagaram-535217. principalsretmihs@gmail.com",Andhra Pradesh,106,Private,100,-,-,-,Permission,UG
7,"Sri Adi Shiva Satguru Ali Saheb Shivaaryula Homoeopathic Medical College, Thimmapuram, NH-63, , Near Anjineyaswamy Temple, Guntakal, Anantapur- 515801. adisiva.hmc.gtl@gmail.com",Andhra Pradesh,107,Private,100,-,-,-,Conditional Permission,UG
8,"North East Homoeopathic Medical College and Hospital, Vivek Vihar, Itanagar,
Papum Pare,  791113. nehmchitanagar@gmail.com",Arunachal Pradesh,201,Private,0,-,-,-,Denial,UG
No,College Name,STATE,College Code,Govt/ Pvt,"Permission UG
(Including EWS)",Permission PG,Permission PG  (Subject Wise),Reduction of Seats,"MARBH
Decision",Scheme
9,"Swahid Jadav Nath Govt. Homoeopathic Medical College, Vill. Bagharbari, P.O. Khanapara, Guwahati-781037. sjnhmcghy@yahoo.com",Assam,303,Govt.,63,-,-,-,Permission,UG
10,"B.N.M. Homoeopathic Medical Hospital, Ward Number 34, Aadarsh Nagar, Saharsa, Bihar
852201. bnmhsaharsa@gmail.com",Bihar,401,Private,0,-,-,-,Denial,UG
11,"K.N.H Homoeopathic. Medical College & Hospital, Mayaganj, Bhagalpur-812001.
knhmedicalcollege@gmail.com",Bihar,402,Private,0,-,-,-,Denial,UG
12,"Magadh Homoeopathic Medical College, Biharsarif, Station Road, Nalanda-803101. mhmch.biharsharif@gmail.com",Bihar,403,Private,0,-,-,-,Denial,UG
13,"G.D. Memorial Homoeopathic Medical College and Hospital, East Ram Krishna Nagar, P.O.
Jaganpura Patna -800027. gdmemorialhmch@gmail.com",Bihar,404,Private,100,42,"Organon of Medicine-6 Materia Medica-6 Repertory-6
Pediatrics-6 Practice of Medicine-6
Pharmacy - 6 Pshcyiatry-6",-,Conditional Permission,UG+PG
14,"Dr. Rambalak Singh Gaya Homoeopathic Medical College & Hospital, Amwa, Bodh Gaya- 824231, Gaya. drrbsghmch.bodhgaya1967@gmail.com",Bihar,405,Private,40,-,-,Permission with reduction of seats in UG course,Permission,UG
15,"Dr.Yadubir Sinha Homoeopathic Medical College and Hospital, Laharisarai, Darbhanga- 846002. shmchdbg@gmail.com",Bihar,406,Private,50,-,-,-,Conditional Permission,UG
16,"Mangla Kamla Homoeopathic Medical College & Hospital, Prof. Vishnu Kumar Marg, Srinagar, Siwan-841226. mkhmch@gmail.com",Bihar,407,Private,35,-,-,Permission with Reduction of Seats in UG Course,Permission,UG
No,College Name,STATE,College Code,Govt/ Pvt,"Permission UG
(Including EWS)",Permission PG,Permission PG  (Subject Wise),Reduction of Seats,"MARBH
Decision",Scheme
17,"R.D. Kedia Homoeopathic Medical College & Hospital, post office Hanuman Sugar Mills
Bariyapur, Motihari, East Champaran-841226, rdkhmcollege@gmail.com",Bihar,408,Private,35,-,-,Permission with Reduction of Seats in UG Course,Permission,UG
18,"The Temple of Hahnemann Homoeopathic Medical College & Hospital,  Opposite Post Office, Bhagat Singh Chowk, Munger- 811201. thhmchmunger@gmail.com",Bihar,409,Private,0,-,-,-,Denial,UG
19,"R.B.T.S. Govt. Homoeopathic Medical College, Ram Dayalu Nagar, P.O. Ramna, Muzaffarpur-
842002. rbts1958@gmail.com",Bihar,410,Govt.,75,31,"Organon of Medicine-5 Materia Medica-8 Repertory-6
Practice of Medicine-7 Pharmacy-5",-,Permission,UG+PG
20,"Dr. Halim Homoeopathic Medical College and Hospital, Ekmighat, P.O. Laheria Sarai- 846001. dhhmch@gmail.com",Bihar,411,Private,50,-,-,-,Conditional Permission,UG
21,"Kent Homoeopathic Medical College and Hospital At & P. O. Khilwat (via-Bidupur Bazar) Hajipur, District Vaishali- 844503. khmchkhilwat@gmail.com",Bihar,412,Private,35,-,-,Permission with reduction of seats in UG course,Permission,UG
22,"Maharshi Menhi Homoeopathic Medical College and Hospital, Jeewachh Nagar, Katihar- 854105.mmhmc1980@gmail.com",Bihar,413,Private,35,-,-,Permission with reduction of seats in UG course,Permission,UG
23,"Muzaffarpur Homoeopathic Medical College, Raghu Nath Pandey Nagar, MIC Bela, Muzaffarpur-842005. muzaffarpurhmch@gmail.com",Bihar,414,Private,0,-,-,-,Denial,UG
24,"Patna Homoeopathic Medical College and Hospital, Ram Krishan Nagar, (Sorangpur), Patna- 800027. phmch@rediffmail.com",Bihar,415,Private,50,-,-,-,Permission,UG
No,College Name,STATE,College Code,Govt/ Pvt,"Permission UG
(Including EWS)",Permission PG,Permission PG  (Subject Wise),Reduction of Seats,"MARBH
Decision",Scheme
25,"Homoeopathic Medical College and Hospital, M- 671, Sector 26, U.T. Chandigarh - 160019. hmcchd26@gmail.com",Chandigarh,601,Private,0,-,-,-,Denial,UG
26,"Chhadamilal Chouksey (C.L.) Homoeopathic Medical College and Hospital, Lal Khadan Masturi Road, Bilaspur- 495001. clchomoeo.bsp@gmail.com",Chhattisgarh,501,Private,0,-,-,-,Denial,UG
27,"Maharana Pratap Homoeopathic Medical College, Near Rishabh Enclave, Imlidih, New Rajendra Nagar, Raipur-001. mphmc@rediffmail.com",Chhattisgarh,502,Private,0,-,-,-,Denial,UG
28,"Raipur Homoeopathic Medical College and Hospital, Ram Kund, Chaube Colony, Raipur- 492001. rhmcrcollege1956@gmail.com",Chhattisgarh,503,Private,35,-,-,Permission with Reduction of Seats in UG Course,Permission,UG
29,"Nehru Homoeopathic Medical College and Hospital, B- Block, Defence Colony, New Delhi- 110024. principalnhmc@gmail.com",Delhi,701,Govt.,125,9,Organon of Medicine-3 Materia Medica-3 Practice of Medicine-3,-,Conditional Permission,UG+PG
30,"Dr. B.R. Sur Homoeopathic Medical College and Hospital, Near Nanakpura Gurudwara (Ring Road), Moti Bagh-II, New Delhi-110021. principal_shmc@yahoo.com",Delhi,702,Govt.,63,6,Materia Medica-3 Practice of Medicine-3,-,Conditional Permission,UG+PG
31,"National Institute of Homoeopathy, Delhi (A Satellite Institute of NIH, KOLKATA); Sector A-8, Chaudhary Ramdev Marg, Narela, Delhi-110040. admin.nih@nic.in, drsubhashmd@yahoo.com",Delhi,703,Govt./NI,-,17,"Organon of Medicine-02 Materia Medica-02 Repertory- 03
Pharmacy-02 Practice of medicine-04
Pediatrics-02 Psychitary-02",-,Conditional Permission,PG
32,"Kamaxi Devi Homoeopathic Medical College, Hill Top, Shiroda, Goa-403103. skhmchgoa98@gmail.com",Goa,801,Private,30,-,-,Permission with Reduction of Seats in UG Course,Permission,UG
No,College Name,STATE,College Code,Govt/ Pvt,"Permission UG
(Including EWS)",Permission PG,Permission PG  (Subject Wise),Reduction of Seats,"MARBH
Decision",Scheme
33,"Aarihant Homoeopathic Medical College & Research Institute, At Bhoya Rathod, Opp. Iffco Adalaj-Sertha Road, Gandhinagar-382420. principal.homeopathy@swarrnim.edu.in",Gujarat,901,Private,100,24,"Materia Medica-6 Organon of Medicine-6 Repertory-6
Practice of Medicine-6",-,Conditional Permission,UG+PG
34,"Laxmiben Homoeopathy Institute & Research Centre, Lalji Park, Unjha-Mehsana Highway, At and PO-Bhandu, Ta-Visanagar, Distt.
Mehsana, (North Gujarat) -384120 principallhirc@gmail.com",Gujarat,902,Private,100,-,-,-,Conditional Permission,UG
35,"Shree Limbdi Vikas Trust Homoeopathic Medical College, Limbdi– Dhanuka State Highway, District Surendra Nagar Limbdi - 363421. limbdihmc@gmail.com",Gujarat,903,Private,0,0,0,-,Denial,UG+PG
36,"Anand Homoeopathic Medical College and Research Institute,Near 0Sardar Baug, Bhalej Road, Anand- 388001. Dist.Kheda. info@ahmcsrksm.in",Gujarat,904,Govt Aided,125,18,Organon of Medicine-6 Materia Medica-6 Repertory-6,-,Conditional Permission,UG+PG
37,"Baroda Homoeopathic Medical  College, Near Sonar Kui, Opp. Xavier Technical Institute, Sevasi- Sindhrot Road, Sevasi, Vadodara-391101. office@bhmcindia.in",Gujarat,905,Private,100,28,"Organon of Medicine-4 Materia Medica-6 Repertory-6 Paediatrics-6
Practice of Medicine-6",-,Conditional Permission,UG+PG
38,"Dr. V.H. Dave Homoeopathic Medical College and Smt. S.I. Patel (Ipcowala) Homoeopathic Hospital, Hahnemann House, Amul Dairy Road, Anand- - 388001, Dist. Kheda. vhdave1973@yahoo.com",Gujarat,906,Govt Aided,125,9,Organon of Medicine-3 Materia Medica-3 Repertory-3,-,Conditional Permission,UG+PG
39,"Jawaharlal Nehru Homoeopathic Medical College, C/o Parul Educational Complex, Post- Limbda, Tal-Waghodia, Dist.- Vadodara-391760. jnhmc@paruluniversity.ac.in",Gujarat,907,Private,100,24,"Organon of Medicine-6 Materia Medica-6 Repertory-6
Practice of Medicine-6",-,Conditional Permission,UG+PG
40,"Govt. Homoeopathic Medical College and Hospital, Dethali, Ta. Sidhdhpur, Dist. Patan (North Gujarat)-384151. govthomoeopathicdethali@gmail.com",Gujarat,908,Govt.,125,-,-,-,Conditional Permission,UG
No,College Name,STATE,College Code,Govt/ Pvt,"Permission UG
(Including EWS)",Permission PG,Permission PG  (Subject Wise),Reduction of Seats,"MARBH
Decision",Scheme
41,"Sh. H. N. Shukla Homoeopathic  Medical College & Hospital, Sh. H. N. Shukla College Campus, Nr. Lalpari Lake, Bh. Marketing Yard, Amargadh- Bhichri, Rajkot - 360003. (by Shree Mahatama Gandhi Education Trust, Rajkot, Gujarat). hnshmc@gmail.com",Gujarat,909,Private,100,-,-,-,Conditional Permission,UG
42,"Swami Vivekanand Homoeopathic Medical College & Hospital, Near Sports Complex, Sidsar Road, Bhavnagar- 364060. svhmc_bvn@rediffmail.com",Gujarat,910,Private,100,-,-,-,Permission,UG
43,"Vidhyadeep Homoeopathic Medical College and Research Center (GJ035) Anita (Kim), Surat, Gujrat - 394110. drvipulshastri@gmail.com",Gujarat,911,Private,70,-,-,Permission with Reduction of Seats in UG Course,Permission,UG
44,"Shri Aryatej Homoeopathic Medical College, Aryavart, Nr. Narvyug Tiles. Opp. Laxminagar Villege,8-A National Highway, Laxminagar- 363642. aryatejahmc@gmail.com",Gujarat,945,Private,60,-,-,-,Permission,UG
45,"Gokul Foundation Gokul Homoeopathy Medical College, Opp. IOC Depot, State Highway No. 41, Sujanpur Patia, Sidhpur – 384151, Distt. Patan, dean.col.homoeo@gokuluniversity.ac.in",Gujarat,944,Private,100,-,-,-,Conditional Permission,UG
46,"Valan Homoeopathic Medical College and Hospital, Valan- Palej Road, At P. O. Valan, TA. Karjan Dist.Vadodara.392310. vhmch.valan2008@gmail.com",Gujarat,934,Private,60,-,-,-,Conditional Permission,UG
47,"Shree Sardar Patel Mahila Homoeopathic Medical College, Morbi Road, Hadala, Rajkot- 360003.
svptrust03@gmail.com, spmhmc@gmail.com",Gujarat,935,Private,42,-,-,Permission with Reduction of Seats in UG Course,Permission,UG
48,"Sumandeep Homoeopathic Medical College and Hospital, At and Post-Piparia, Talnka-Waghodia, Dist-Vododara-391760. registrar@sumandeepvidyapeethdu.edu.in",Gujarat,936,Private/Deemed University,100,-,-,-,Conditional Permission,UG
No,College Name,STATE,College Code,Govt/ Pvt,"Permission UG
(Including EWS)",Permission PG,Permission PG  (Subject Wise),Reduction of Seats,"MARBH
Decision",Scheme
49,"Shri N.M. Patel Homoeopathic Medical College, Post-Salawada,Tal. Unawada, Dist-Mahisagar
.388270.
Email id: nmpatelhomeopathic@gmail.com",Gujarat,937,Private,0,-,-,-,Denial,UG
50,"Nootan Homoeopathic Medical College, Nootan SarvaVidyalaya Kelarani Mandal, Sankalchand Patel Vidyadham Ambaji Gandhi Nagar Star Highway Visnagar-384315. principalnhmc@spu.ac.in",Gujarat,938,Private,100,-,-,-,Permission,UG
51,"Arrdekta Homoeopathic Medical College and Hoapital, PO- Navi Metral, Dist. Sabarkantha - 383255.  ektaedu.inst@gmail.com",Gujarat,912,Private,42,-,-,Permission with Reduction of Seats in UG Course,Permission,UG
52,"Samarpan Charitable and Educational Medical & Research Trust's Shri Bachubhai Alabhai Dangar Homoeopathic Medical College, Opp.I.O.C. Depot, Jamnagar Road, Rajkot-360007. badhmc99@gmail.com",Gujarat,913,Private,0,-,-,-,Permission withdrawn,UG
53,"Ahmedabad Homoeopathic Medical College, At & PO. Ghuma- Bopal Road, Ghuma, Ahmedabad.- 380058. ahmc@paruluniversity.ac.in",Gujarat,914,Private,100,18,Organon of Medicine-6 Materia Medica-6 Repertory-6,-,Conditional Permission,UG+PG
54,"Rajkot Homoeopathic Medical College, Jainath Petrol Pump, Gondal Road, Rajkot- 360002. rhmc@paruluniversity.ac.in",Gujarat,915,Private,100,24,"Organon of Medicine-6 Materia Medica-6 Repertory- 6
Practice of Medicine 6",-,Permission,UG+PG
55,"Aarya-Veer Homoeopathic Medical College, at Kuvadva, Kuvada-Sardar Road, Rajkot- Ahmedabad NH, District- Rajkot-360030. avhmch@gmail.com",Gujarat,916,Private,100,-,-,-,Conditional Permission,UG
56,"Agarwal Education Foundation, S.S. Agarwal Homoeopathic Medical College at Near Devina Park Society, Viranjali Marg, Gandevi Raod, Navsari-396445. contact@agrawaleducation.net",Gujarat,917,Private,100,30,"Materia Medica-06 Organon of Medicine-06
Homoeopathic Pharmacy-06 Practice of Medicine-06 Repertory-06",-,Conditional Permission,UG+PG
No,College Name,STATE,College Code,Govt/ Pvt,"Permission UG
(Including EWS)",Permission PG,Permission PG  (Subject Wise),Reduction of Seats,"MARBH
Decision",Scheme
57,"Ananya College of Homoeopathic, KIRC Campus, Ahmedabad-Mahesana Highway, Kalol, Dist.
Gandhinagar- 382721. ananya.homeopathy@kirc.ac.in",Gujarat,918,Private,100,24,Materia Medica-06 Organon of Medicine-06 Practice of Medicine-06 Repertory-06,-,Conditional Permission,UG+PG
58,"Bhargva Homoeopathic Medical College, Vidyagram, At & Post-Dahemi, Ta-Borsad, Dist.
Anand-388560. bhargavahmc@gmail.com",Gujarat,919,Private,100,-,-,-,Conditional Permission,UG
59,"C.D.  Pachchigar Homoeopathic Medical College, Near Anand Mangal Society, Bhatar Road, Majura, Surat-395001. cdpchm@email.com,
drpachchigar@yahoo.co.in",Gujarat,920,Private,100,0,0,-,Conditional Permission,UG+PG
60,"Gujarat Homoeopathic Medical College At & P.O. Savli-  391770, Dist.Vadodara. info@ghmcsavli.com",Gujarat,921,Govt Aided,125,-,-,-,Permission,UG
61,"Gyan Jyot Education Trust B.G. Garaiya Homoeopathy Medical College, At Kalipat Nr. Tramba, Bhavnagar Highway, Rajkot-360020. bgghmc@gmail.com",Gujarat,922,Private,100,18,Organon of Medicine 6 Materia Medica-6 Repertory-6,-,Permission,UG+PG
62,"Jay Jalaram Homoeopathic Medical College, At & Post Morva (Rena), Takula Shahera, Distt.
Panchmahal-389001. jjhmc@yahoo.in",Gujarat,923,Private,100,-,-,-,Conditional Permission,UG
63,"Kamdar Homoeopathy Medical College & Research Centre, Haripar Pal Survery No.12, Behind NRI Bungalows, Opp. Delhi Public School, Kalawad Road, Rajkot-360007. kamdarparesh@gmail.com",Gujarat,924,Private,100,-,-,-,Conditional Permission,UG
64,"Merchant Homoeopathic Medical College, Merchant Education Campus, Mehsana- Visnagar Highway, At. Gadha & P.O. Basna, Mehsana- 384315. mhmc.adm@gmail.com",Gujarat,925,Private,100,-,-,-,Permission,UG
No,College Name,STATE,College Code,Govt/ Pvt,"Permission UG
(Including EWS)",Permission PG,Permission PG  (Subject Wise),Reduction of Seats,"MARBH
Decision",Scheme
65,"P.P. Savani  Homoeopathy Medical College & Hospital, NH- 8, GETCO, Near Biltech Company, Vill-Dhamdod, Kosamaba, Dist. Surat -394125.
registrar@ppsu.ac.in, principal.homoeopathy@ppsu.ac.in",Gujarat,926,Private,60,-,-,-,Conditional Permission,UG
66,"Parul Institute of Homoeopathy & Reserach,
P.O. LiImda, Tal. Waghodia, Dist. Vadodara- 391760. pihr@paruluniversity.ac.in",Gujarat,927,Private,100,24,"Materia Medica-6 Repertory-6
Organon of Medicine-6 Pharmacy-6",-,Conditional Permission,UG+PG
67,"Pioneer Homoeopathic Medical College, Pioneer Medical Campus, Near American School of Baroda, AT & P.O. :- Sayajipura Village, Near National Highway No:-8, Ajwa Cross Road, Vadodara -390019. homoeopathic_ogect@hotmail.com",Gujarat,928,Private,100,-,-,-,Conditional Permission,UG
68,"Shree Chotalal Nagindas  Kothari Homoeopathic Medical College and Research Centre, Near Van Chetna, Kakrapar Bye Pass, Tadkuva, Vyara, Dist. Surat-394 650. cnkotharicollege@gmail.com",Gujarat,929,Private,100,-,-,-,Conditional Permission,UG
69,"Shree Mahalaxmi Mahila Homoeopathic Medical College, (Shree Shamlaji Arogya Seva Trust), Beside Gujarat  Tractors Nr. Vishwamitri Bridge, Munjanaluda Lalbag Road, Vadodara- 390011. principal.smmhmc@gmail.com",Gujarat,930,Private,100,-,-,-,Permission,UG
70,"Shree Swaminarayan Homoeopathy College Shree Swaminarayan Vishwa Mangal Gurukul Trust, Nr. Ahmedabad-Mehsana National Highway, At & PO-Saij, Kalol, Dist. Gandhinagar- 382721. sshckalol@gmail.com",Gujarat,931,Private,100,18,Materia Medica - 06 Organon of Medicine- 06 Repertory - 06,-,Permission,UG+PG
71,"Shri Shamlaji Homoeopathic Medical College and Research Institute, Godhra, Near Moon Light Cinema, Godhra-389 001. sshmcgdr@yahoo.com",Gujarat,932,Private,100,-,-,-,Conditional Permission,UG
72,"Shri Vivek Bharti Trust, Noble Homoeopathic College & Research Institute-Junagadh, “Parth Vatika, Bhesan Road, Via-Vadal, At. Bamangam- 362310, Ta & Dist. – Junagadh. nhcvbt@gmail.com",Gujarat,933,Private,100,-,-,-,Permission,UG
No,College Name,STATE,College Code,Govt/ Pvt,"Permission UG
(Including EWS)",Permission PG,Permission PG  (Subject Wise),Reduction of Seats,"MARBH
Decision",Scheme
73,"Smt. A.J. Savla Homoeopathic Medical College and Research Institute, Pushpanjali ‘Building’ Near Jilla Panchayat, Nr. Karve School, Visnagar Road,  Mehsana- 384001. tnpetmehsana@yahoo.com",Gujarat,939,Private,100,18,Organon of Medicine 6 Materia Medica-6 Repertory-6,-,Conditional Permission,UG+PG
74,"Smt. Malini Kishore Sanghavi Homoeopathic Medical College at Miyagaon, Tal. Karjan, Dist.
Vadodara-391240. drhiteshp@gmail.com",Gujarat,940,Private,100,-,-,-,Conditional Permission,UG
75,"Smt. T.V. Mehta Charitable Foundation, Lalitaben Ramniklal Shah Homoeopathic Medical College, Gardi Vidyapith Campus, Opp. Shiv Shakti Hotel, Kalawad Highway,
Village Anandpar-361162, Rajkot. Email id: lrshc@gardividyapith.ac.in gardi.homoeopathic@gmail.com",Gujarat,941,Private,100,13,"Organon of Medicine-4 Materia Medica- 4 Repertory-4
Practice of Medicine-1",Permission with Reduction of Seats in PG Course,Conditional Permission,UG+PG
76,"Smt. Vasantaben N. Vyas Homoeopathic Medical College & Hospital, SR No.873/2 Jeshingpara, Amreli- 365601. vnvyashomoeopathiccollege@gmail.com",Gujarat,942,Private,0,-,-,-,Denial,UG
77,"Gandhinagar Homoeopathic Medical College, Mubarakpur (Pearl Education Charitable Trust), Ahmadabad-392721. ghmc.guj@gmail.com",Gujarat,943,Private,100,-,-,-,Conditional Permission,UG
78,"Monark Homoeopathic Medical College and Hospital, Dt and Post:-Vahelal, Taluka Daseroi, Dist-Ahmedabad, Gujarat -382330. monarkgoswami150@gmail.com, principal.mhmch@monarkuni.ac.in",Gujarat,946,Private,100,-,-,-,Conditional Permission,UG
79,"Shree Swaminarayn Homoeopathic College Jamnagar Shree Swaminarayan Gurukul, Okla State Highway, Nr.Civil Airport Road, Naghedim, Jamnagar, Gujarat 361006. Email id: ppatel18@aol.in, principalssghmc@aol.com, piyushpatel1891984@gmail.com",Gujarat,947,Private,60,-,-,-,Permission,UG
80,"CVM Homoeopathic Medical College & Hospital, Aribas Building, Near G.J. Patel Ayurvedic College, ADIT Campus, Behind GIDC, New Vallabh vidya Nagar, Anand, Gujarat-388121.
Email id: Principal.hmch@cvmu.edu.in",Gujarat,948,Private,100,-,-,-,Permission,UG
No,College Name,STATE,College Code,Govt/ Pvt,"Permission UG
(Including EWS)",Permission PG,Permission PG  (Subject Wise),Reduction of Seats,"MARBH
Decision",Scheme
81,"Noble Star Homoeopathic Medical College and Research Institute, Noble Star Campus, Junagadh Dhoraji road, Near Makhiyala, Taluka, Dist.
Junagadh-362037. Email id: noblestar.homoeopathic@gmail.com",Gujarat,949,Private,100,-,-,-,Conditional Permission,UG
82,"Arpit Homoeopathic Medical College & Hospital, Hadala, Rajkot-Morbi Highway, Rajkot Gujarat.
Email id: ahmcr2023@gmail.com, arpitcollege@gmail.com",Gujarat,950,Private,48,-,-,Permission with Reduction of Seats in UG Course,Permission,UG
83,"Amrut Homoeopathic Medical College and Hospital, Khadiya, Bilkha Road, Post toraniya, Dist. Junagadh, At Khadiya - 362263.
Email id: amruthomoeo2022@gmail.com",Gujarat,,Private,100,-,-,-,Conditional Permission,UG
84,"J.R. Kissan Homoeopathic Medical College and Hospital, Old Sunderpur Road, Jind Bye
Pass, Rohtak – 124 001. jrkissanhmch@gmail.com",Haryana,1001,Private,50,-,-,-,Conditional Permission,UG
85,"Solan Homoeopathic Medical College & Hospital, Barog Bye-pass, (Near Shoolini Filling Station), Kumarahatti - 173229, Distt. Solan. shmchsolan@hotmail.com",Himachal Pradesh,1101,Private,60,-,-,Permission with Reduction of Seats in UG Course,Permission,UG
86,"Arogyam Homoeopathic Medical College & Hospital , Vill – Jhaluwa, PO Kalyanpur, Distt.
Garhwa -822114. arogyam.hospital.group@gmail.com",Jharkhand,1201,Private,42,-,-,Permission with Reduction of Seats in UG Course,Permission,UG
87,"Maa Kalawati Homoeopathic Medical College  & Hospital, Rajaulatu, Namkum, Ranchi-834010. tswspanchwati@gmail.com",Jharkhand,1202,Private,100,-,-,-,Conditional Permission,UG
88,"State Homoeopathic Medical College, Paraspani Godda -814147. principalgmch@gmail.com",Jharkhand,1203,Govt.,63,-,-,-,Conditional Permission,UG
No,College Name,STATE,College Code,Govt/ Pvt,"Permission UG
(Including EWS)",Permission PG,Permission PG  (Subject Wise),Reduction of Seats,"MARBH
Decision",Scheme
89,"Singhbhum Homoeopathic Medical College and Hospital, Jamtara 292999. principalmhmcjamtara@gmail.com",Jharkhand,1205,Private,-,-,-,-,Denial,UG
90,"Devki Mahaveer Homoeopathic Medical College and Research Hospital at Farathiya, Garhwa- 822114. dmhmcrh_garhwa@rediffmail.com",Jharkhand,1204,Private,50,24,"Materia Medica-4 Pharmacy-1
Organon of Medicine-5 Paediatric-4 Psychiatry-3 Repertory-3
Practice of Medicine-4",Permission with Reduction of Seats in PG Course,Permission,UG+PG
91,"The Homoeopathic College and Hospital of Mihijam, PO Mihijam, Distt. Jamtara 815354. Email id: principalmhmcjamtara@gmail.com",Jharkhand,1206,Private,0,-,-,-,Denial,UG
92,"Laxmi Chandravansi Homoeopathic Medical College Hospital & Research Centre, Nawadihkala PO+PS: Bishrampur, Palamu, 822132.
Email id: info.laxmihomeopathic@gmail.com",Jharkhand,1207,Private,60,-,-,-,Permission,UG
93,"Government Homoeopathic Medical College & Hospital, Mahatma Gandhi Hospital, Main Bazaar Kathua 184152.
Email id: pmcgmkathua@gmail.com dgism786@gmail.com
Dr.BRDubb@gmail.com",Jammu & Kashmir,2601,Govt.,63,-,-,-,Conditional Permission,UG
94,"Bhartesh Homoeopathic Medical College, Survey No 16 Basvan Kudachi Extension, Shindoli Road, Belagavi, Karnataka 591124. bhmch1982@gmail.com",Karnataka,1301,Private,100,18,Organon of Medicine-6 Materia Medica-6 Repertory-6,-,Permission,UG+PG
95,"AGM Homoeopathic Medical College & Hospital, Navagrha Teerth Kshetra, Varur Hubballi - 581207. agmhmch@gmail.com",Karnataka,1302,Private,60,-,-,-,Conditional Permission,UG
96,"KLE Homoeopathic Medical College & Hospital, RS No. 9/1 and 9/2, Ward No. 44, Airport Road, Basavan Kudachi - 591124, Tq. And Dist.
Belagavi.  kleuhmc@gmail.com",Karnataka,1303,Private/Deemed University,100,-,-,-,Conditional Permission,UG
No,College Name,STATE,College Code,Govt/ Pvt,"Permission UG
(Including EWS)",Permission PG,Permission PG  (Subject Wise),Reduction of Seats,"MARBH
Decision",Scheme
97,"Shetty  Homoeopathic  Medical College and Hospital, Shetty  Education hub,  Shahabad road, Kalburagi – 585105. shetty.homoeopathic@gmail.com",Karnataka,1304,Private,60,-,-,-,Conditional Permission,UG
98,"Yenepoya Homoeopathic Medical College & Hospital, R.S. No.29,30,31, Naringana Village, Post-Deralakatte (Mangalore),Tah. Bantwal, Distt.
Dikshin Kannada-575018. yhmch@yenepoya.edu.in",Karnataka,1305,Private/Deemed University,60,-,-,-,Conditional Permission,UG
99,"The Holy Family Education Society, Rosy Royal Homoeopathic Medical College & Hospital, Vill- Mallapura, Nelamangala, Bangalore-562162. rosyroyalhomeopathy@gmail.com",Karnataka,1306,Private,30,-,-,Permission with Reduction of Seats in UG Course,Permission,UG
100,"S.B. Shirkoli Homoeopathic Medical College, Anant Vidya Nagar, P.B. No.16, Sankeshwar- 591 313, Distt. Belgaum. principalsbshmc@gmail.com",Karnataka,1307,Private,40,-,-,Permission with Reduction of Seats in UG Course,Permission,UG
101,"A.M. Shaikh Homoeopathic Medical College, Nehru Nagar, Belgaum-590 010.
amshaikhhmc@yahoo.in",Karnataka,1308,Private,100,21,"Organon of Medicine-3 Materia Medica-6 Repertory-3 Paediatrics-3
Practice of Medicine-6",-,Conditional Permission,UG+PG
102,"Dr. B.D. Jatti Homoeopathic Medical College and Hospital, D.C. Compound, Dharwad-580001. bdjatti.office@gmail.com",Karnataka,1309,Private,100,17,"Organon of Medicine-6 Materia Medica-5 Repertory- 3
Practice of Medicine-3",-,Conditional Permission,UG+PG
103,"Dr. Maalakaraddy Homoeopathic Medical College and Hospital, Mahadevappa Rampure Marg, Sedam Raod, Kalaburagi-585105. hkeshmcglb@gmail.com",Karnataka,1310,Private,100,24,"Organon of Medicine-6 Materia Medica-6 Repertory-6 Paediatrics-3
Practice of Medicine-3",-,Conditional Permission,UG+PG
104,"Father Muller Homoeopathic Medical College & Hospital, University Road, Deralakatte, Mangalore-574160. hmcoffice@fathermuller.in",Karnataka,1311,Private,100,46,"Organon of Medicine-9 Materia Medica-8 Pharmacy-6
Repertory-6 Psychiatry-5 Paediatrics-6
Practice of Medicine-6",-,Conditional Permission,UG+PG
No,College Name,STATE,College Code,Govt/ Pvt,"Permission UG
(Including EWS)",Permission PG,Permission PG  (Subject Wise),Reduction of Seats,"MARBH
Decision",Scheme
105,"Govt. Homoeopathic Medical College, Dr. Siddaiah Puranik Road, (Near Govt. Medical Stores) Basaveshwara-Nagar, Bangalore-560 079. ghmchprincipal@gmail.com",Karnataka,1312,Govt.,100,28,"Organon of Medicine-6 Materia Medica-6 Repertory-6 Paediatrics-4
Practice of Medicine-6",-,Conditional Permission,UG+PG
106,"Alvas Homoeopathic Medical College, Shobhavana Campus, NH-13, Mijar Moodbidri- 574225, ahmc@alvas.org",Karnataka,1313,Private,80,-,-,Permission with Reduction of Seats in UG Course,Permission,UG
107,"Anuradha Homoeopathic Medical College and Hospital SY. No.78/5 (Old SY.No.78/1), Srigandrakaval, Sri.
Email id:  anuradhacollege@gmail.com, anuradhahomoeopathy@gmail.com",Karnataka,1314,Private,60,-,-,-,Conditional Permission,UG
108,"Bhagwan Buddha Homoeopathic Medical College and Hospital, 'Srinidhi Complex' Mallathalli,Bangalore-056. bbudhahmc_96@yahoo.in, principalbbhmc_98@yahoo.com",Karnataka,1315,Private,100,-,-,-,Conditional Permission,UG
109,"BVV Sangha BVVS Homoeopathic Medical College and Hospital, BVVS Old Campus, Belgavi- Raichur Road, Bagalkot 587101. hmcbgk@gmail.com",Karnataka,1316,Private,60,-,-,-,Conditional Permission,UG
110,"S.C.S.E. Society’s. Shiv Basav Jyoti Homoeopathic Medical College,Aadhar Education
Society, R.S. No. 232 Near Bauxite Road, Chanakya Nagar, Belgaum, Karnataka - 590019. sbjhmc.bgm@gmail.com",Karnataka,1317,Private,100,-,-,-,Conditional Permission,UG
111,"Sri Basaveshwar Rural Education and Development Trust Sri Sathya Sai College of Homoeopathic Medical Sciences, Plot No. 19 ‘C’, Industrial Area, Sattur, Dharwad–580009. shribasavsai@yahoo.com",Karnataka,1318,Private,35,-,-,Permission with Reduction of Seats in UG Course,Permission,UG
112,"SVE Trust's Veerabhadreswar Homoeopathic Medical College & Hospital, Near Sai Baba Temple, Humnabad(Post &Tq) Dist. Bidar- 585330
. svetvhmc@gmail.com",Karnataka,1319,Private,60,-,-,-,Conditional Permission,UG
No,College Name,STATE,College Code,Govt/ Pvt,"Permission UG
(Including EWS)",Permission PG,Permission PG  (Subject Wise),Reduction of Seats,"MARBH
Decision",Scheme
113,"Govt. Homoeopathic Medical College, Irnamuttam, P.O. Manacaud, Thiruvananthapuram-695009. pcodhme@gmail.com",Kerala,1401,Govt.,63,30,"Organon of Medicine-8 Materia Medica-8 Repertory-7
Practice of Medicine-7",-,Conditional Permission,UG+PG
114,"Govt. Homoeopathic Medical College, Karaparamba,Kozhikode Dist. – 673010. principalghmc@gmail.com",Kerala,1402,Govt.,63,28,"Organon of Medicine-8 Materia Medica-8 Repertory- 6
Practice of Medicine-6",-,Conditional Permission,UG+PG
115,"National Homoeopathy Research Institute in Mental health, (NHRIMH) at CRI(H), Sachivothamapuram P.O., Kottayam-686532 principal.nhrimhktm@gmail.com",Kerala,1403,Govt./NI,-,25,Practice of Medicine-13 Psychiatry-12,-,Conditional Permission,PG
116,"Athurasramam N.S.S. Homoeopathic Medical College, Sachivothamapuram, P.O. Kuricy, Distt.- Kottayam-686532. ansshmc@gmail.com",Kerala,1404,Govt Aided,44,-,-,Permission with Reduction of Seats in UG Course,Permission,UG
117,"Dr. Padiar Memorial Homoeopathic Medical College, Chottanikkara, Ernakulam-682312. drpadiarhmcc@gmail.com",Kerala,1405,Govt Aided,50,-,-,Permission with Reduction of Seats in UG Course,Permission,UG
118,"Shree Vidyadhiraja Homoeopathic Medical College, Nemom, Thiruvananthapuram- 695020. academic.svhmc@gmail.com, svrhmctvm@gmail.com",Kerala,1406,Govt Aided,44,-,-,Permission with Reduction of Seats in UG Course,Conditional Permission,UG
119,"Swami Pranavanand Homoeopathic Medical College and Hospital, Near Police Line Road, Chhatarpur-471001. sphmedicalcollege@gmail.com",Madhya Pradesh,1501,Private,0,-,-,-,Denial,UG
120,Aarihant Homoeopathic Medical College at Sendhwa Distt. Barbani-451666. arihanthomoeopathic@gmail.com,Madhya Pradesh,1520,Private,0,-,-,-,Denial,UG
No,College Name,STATE,College Code,Govt/ Pvt,"Permission UG
(Including EWS)",Permission PG,Permission PG  (Subject Wise),Reduction of Seats,"MARBH
Decision",Scheme
121,"Sagar Homoeopathic Medical College & Hospital Research Centre, Namak Mandi, Sagar- 470 002. shmc238019@gmail.com",Madhya Pradesh,1521,Private,0,-,-,-,Denial,UG
122,"Sheetla Sahai Homoeopathy Medical College & Research Institute Cancer Hospital, Gwalior. info@sshmc.in",Madhya Pradesh,1522,Private,0,-,-,-,Denial,UG
123,"Shri Ramnath Singh Siksha Prasar Samiti Homoeopathic Medical College, Gormi, Bhind- 477660. rns_college@yahoo.com",Madhya Pradesh,1523,Private,0,-,-,-,Denial,UG
124,"District Homoeopathic Medical College and Hospital, 478, Katju Nagar,  Ratlam – 457 001. dhmcofficertm@gmail.com",Madhya Pradesh,1502,Private,100,6,Materia Medicine-3 Practice of Medicine-3,-,Conditional Permission,UG+PG
125,"R.K.D.F. Homoeopathic Medical College and Hospital, Research Centre, Mile Stone 12,
Hoshangabad Road,
Bhopal-462046. rkdfhmc2001@gmail.com",Madhya Pradesh,1503,Private,100,29,"Organon of Medicine-4 Materia Medica-6 Repertory-4
Practice of Medicine-4 Pharmacy-8
Paediatrics-3",Permission with Reduction of Seats in PG Course,Conditional Permission,UG+PG
126,"Sophia Homoeopathic Medical College (Swastik Educational & Social Welfare Society’s), Mahal Gaon, Opp. R.I. Training Institute, City Centre, Gwalior - 474 002. ksbhalla@sophiainstitutes.com",Madhya Pradesh,1504,Private,0,0,0,-,Denial,UG+PG
127,"Anushree Homoeopathic Medical College,112, Near Samdariya Green City , Kashodhan Nagar, Madhotal, Jabalpur 482 002. anushreehomoeocollege10@gmail.com",Madhya Pradesh,1505,Private,100,-,-,-,Conditional Permission,UG
128,"Narayan Shree Homoeopathic Medical College, Clinical & Research Centre, Pushpa Nagar, Near Bhopal Railway Station, Bhopal- 462 010. nshmcbpl@gmail.com",Madhya Pradesh,1506,Private,100,-,-,-,Permission,UG
No,College Name,STATE,College Code,Govt/ Pvt,"Permission UG
(Including EWS)",Permission PG,Permission PG  (Subject Wise),Reduction of Seats,"MARBH
Decision",Scheme
129,"Hahnemann Homoeopathic Medical College, New Jail By- Pass `Road, Karond, Bhopal-462 038. hhmchbpl@gmail.com",Madhya Pradesh,1507,Private,100,-,-,-,Conditional Permission,UG
130,"Mahatma Gandhi Homoeopathic Medical College & Hospital, Neemkheda, Gour Tiraha, (Mandla Road) Opp. Marble Rock School, Jabalpur- 482001. vermar_rajuverma@yahoo.co.in",Madhya Pradesh,1508,Private,100,-,-,-,Permission,UG
131,"K.S. Homoeopathic Medical College, Village, Piproli, Chirwai Naka, Lashkar, Gwalior-474001.
kshmchgwl@gmail.com",Madhya Pradesh,1509,Private,100,-,-,-,Conditional Permission,UG
132,"R.N. Kapoor Homoeopathic Medical College, Indore-Dewas Bypass Road,  A  P J Abdul Kalum
Vill - Arandia, Indore-452016. rnkhomoeopathicindore@gmail.com",Madhya Pradesh,1510,Private,100,54,"Organon of Medicine-6 Materia Medica-6 Repertory-6
Pharmacy-6 Psychiatry-6
Practice of Medicine-6 Paediatrics-6 Community Medicine-6 Dermatology-6",-,Permission,UG+PG
133,"Rani Dullaiya Smriti Homoeopathy College & Hospital, Barkhedi Kalan, Bhadbhada Road, Bhopal-462044, principalrdmhmc@gmail.com",Madhya Pradesh,1511,Private,100,-,-,-,Conditional Permission,UG
134,"Shri Gujarati Samaj Shrimati Kamlaben Raoji Bhai Patel Gujarati Homoeopathic Medical College Hospital & ResearchCentre,Sch.No.54A.B. Road, Indore- 452010. skrpghmcrc@gmail.com",Madhya Pradesh,1512,Private,100,-,-,-,Conditional Permission,UG
135,"Indira Gandhi Memorial Homoeopathic Medical College, 131, Prakash Nagar, Dhar-454001. igmdhar@gmail.com",Madhya Pradesh,1513,Private,70,-,-,Permission with reduction of seats in UG Course,Permission,UG
No,College Name,STATE,College Code,Govt/ Pvt,"Permission UG
(Including EWS)",Permission PG,Permission PG  (Subject Wise),Reduction of Seats,"MARBH
Decision",Scheme
136,"Lal Bahadur Shastri (L.B.S.) Homoeopathic Medical College, Samarda Kaliasaut, Ratanpur, Mandideep Road, Bhopal – 462026. lbshmc@gmail.com",Madhya Pradesh,1514,Private,100,-,-,-,Conditional Permission,UG
137,"School of Homoeopathy, Sri Satya Sai  University of Technology & Medical Sciences, SH-18, Bhopal-Indore Road, Opposite Oilfed Plant, Pachama, District Sehore, Sehore-466001. homoeopathy121314@gmail.com",Madhya Pradesh,1515,Private,100,15,"Organon of Medicine- 3 Materia Medica-3 Repertory-3
Practice of Medicine-3 Pharmacy-3",-,Conditional Permission,UG+PG
138,"Govt. Homoeopathic Medical College and Hospital, MACT HILLS, AYUSH Campus, Beside Kaliasot Dam, Chuna Bhatti, Bhopal-462003. prighmcbho@mp.gov.in",Madhya Pradesh,1516,Govt.,125,79,"Organon of Medicine- 11 Materia Medica-12 Repertory-11
Practice of Medicine-12 Pharmacy-11 Paediatrics-5 Psychiatry-7 Community Medicine-5 Dermatology-5",-,Conditional Permission,UG+PG
139,"Ram Krishna College of Homoeopathy & Medical Sciences, RKDF, University Campus, Nr. Airport Bypass Road, Gandhi Nagar, Bhopal-462033. rkchms2016@gmail.com",Madhya Pradesh,1517,Private,100,21,"Organon of Medicine- 3 Materia Medica-3 Repertory-3
Practice of Medicine-3 Pharmacy-3 Paediatrics-3 Psychiatry-3",-,Conditional Permission,UG+PG
140,"Sendhwa Homoeopathic Medical College & Hospital, Dist. Barwani, Sendhwa- 451666. shmcsendhwa@gmail.com",Madhya Pradesh,1518,Private,70,-,-,Permission with Reduction of Seats in UG Course,Permission,UG
141,"Shivang Homoeopathic Medical College and Hospital, Bairagarh Chichi, Nayapura, Kolar Road, Bhopal-462042. shmc.bpl@gmail.com",Madhya Pradesh,1519,Private,0,-,-,-,Denial,UG
142,"Smt. S.M. Deo Homoeopathic  Medical College & Hospital, Sardar Patel Campus Gaykhuri, Balaghat, Distt. Balaghat –481 001. hmc.bgt2000@gmail.com",Madhya Pradesh,1524,Private,100,-,-,-,Conditional Permission,UG
No,College Name,STATE,College Code,Govt/ Pvt,"Permission UG
(Including EWS)",Permission PG,Permission PG  (Subject Wise),Reduction of Seats,"MARBH
Decision",Scheme
143,"Index Homoeopathic Medical College, Hospital & Research Centre, Index City, Gram Morodhat, NH- 59A, Nemawar Road, Indore-452016, Madhya Pradesh. homoeopathy@indexgroup.co.in",Madhya Pradesh,1526,Private,100,-,-,-,Conditional Permission,UG
144,"Amaltas Institute of Homoeopathy , Gram Bangar, Dewas-Ujjain Highway, Dist. Dewas 455001, Madhya Pradesh. homoeopathy@amaltasgroup.co.in",Madhya Pradesh,1527,Private,100,-,-,-,Permission,UG
145,"Vasundhara Raje Homoeopathic Medical College and Hospital, Mahadji Nagar, Shivpuri, Link Road, Gwalior-474 001. vrhmc2021gwalior@gmail.com",Madhya Pradesh,1525,Private,70,-,-,Permission with Reduction of Seats in UG Course,Permission,UG
146,"Ratnadeep Medical Foundation and Research Centre, Jamkhed Homoeopathic Medical College,Ratnapur, Tal. Jamkhed, jhmcjkd@gmail.com",Maharashtra,1601,Private,0,-,-,-,Denial,UG
147,"Nagpur College of Homoeopathy and Bio- Chemistry, Hospital, 543, Azamshah Layout,Great Nag Road, Nagpur - 440 009.",Maharashtra,1609,Private,0,-,-,-,Denial,UG
148,"Pt. Jawahar Lal Nehru Memorial Institute of Homoeopathic Medical Sciences, Badnera Road, Amravati-444605.",Maharashtra,1610,Private,0,-,-,-,Denial,UG
149,"Ramchandra Mandekar Shikshan Sanstha's Homeopathic Medical College & Hospital, Kolhapur 200 E, Tararani Chowk, Kawala Nakap, Kolhapur, Maharashtra 416003. hmc_h@yahoo.com",Maharashtra,,Private,0,-,-,-,Denial,UG
150,"Shri Janta Homoeopathic Medical College, Tawer, Jatharpeth Road, Kediya Plot’s Akola-444
005. sjhmcakola@gmail.com",Maharashtra,1611,Private,0,-,-,-,Denial,UG
No,College Name,STATE,College Code,Govt/ Pvt,"Permission UG
(Including EWS)",Permission PG,Permission PG  (Subject Wise),Reduction of Seats,"MARBH
Decision",Scheme
151,"Dhondumama Sathe (D.S.) Homoeopathic Medical College, F.P.No.23, Off Karve Road, Pune-
411004. dshmcollegepune@gmail.com",Maharashtra,1602,Private,100,12,"Organon of Medicine-3 Materia Medica-3 Repertory-3
Practice of Medicine-3",-,Permission,UG+PG
152,"Dr. D.Y. Patil Homoeopathic Medical College, Pimpri, Dist. Pune-411018. info.homoeopathy@dypvp.edu.in",Maharashtra,1603,Private/Deemed University,100,18,Organon of Medicine-6 Materia Medica-6 Repertory-6,-,Conditional Permission,UG+PG
153,"Dr. G.D. Pol Foundations Yerala Homoeopathic Medical College and Research Centre, Institutional Area, Sector-4, Opp. Kharghar Railway Station, Kharghar, Navi Mumbai- 410210. ymthmc@gmail.com",Maharashtra,1604,Private,100,23,"Organon of Medicine-6 Materia Medica-6 Repertory-5
Practice of Medicine-3 Paediatrics-3",Permission with Reduction of Seats in PG Course,Conditional Permission,UG+PG
154,"Dr. J.J. Magdum Trust’s Homoeopathic Medical College, Jaysingpur-416 101, Dist. Kolhapur. jjmhmc1990@gmail.com",Maharashtra,1605,Private,70,0,0,Permission with Reduction of Seats in UG Course,Permission,UG+PG
155,"Kaka Saheb Mhaske Homoeopathic Medical College, Nagapur, M.I.D.C., Ahmednagar-414 111, kmmfpharmacy@rediffmail.com, principalkmhmc@gmail.com",Maharashtra,1606,Private,0,0,0,-,Denial,UG+PG
156,"Motiwala (National) Homoeopathic Medical College and Hospital, Motiwala Nagar, Gangapur Satpur Link Road, Via Nashik,
H.P.O., Nashik-422 001. mhmc1@hotmail.com",Maharashtra,1607,Private,98,15,"Organon of Medicine-3 Materia Medica-3 Repertory-3
Practice of Medicine-3 Paediatrics-3",Permission with Reduction of Seats in UG Course,Permission,UG+PG
157,"Prabhat Education Society’s P.D. Jain Homoeopathic Medical College, Behind State Bank of Hyderabad, Vakil Colony, Parbhani-431
401. pdjainparbhani@gmail.com",Maharashtra,1608,Private,100,18,Organon of Medicine-6 Materia Medica-6 Repertory-6,-,Conditional Permission,UG+PG
158,"Mauli Homoeopathic College & Research Institute, Tondar, TQ Udgir, Dist. Latur -413517. maulibhms2017@gmail.com, principalmaulihcri@gmail.com",Maharashtra,1612,Private,60,-,-,-,Permission,UG
No,College Name,STATE,College Code,Govt/ Pvt,"Permission UG
(Including EWS)",Permission PG,Permission PG  (Subject Wise),Reduction of Seats,"MARBH
Decision",Scheme
159,"Gondia Homoeopathic Medical College and Hospital, GHMC Campus, Surya Tola, Gondia- 441614. ghmc1989@gmail.com",Maharashtra,1613,Private,50,-,-,-,Permission,UG
160,"Govt. Homoeopathic Medical College, Chincholi, Jalgaon- 425002.  ghmcjalgaon@gmail.com",Maharashtra,1614,Govt.,63,-,-,-,Conditional Permission,UG
161,"K.E.S. Loknete Adv. Datta Patil Homoeopathic Medical College & Hospital, Balasaheb Khardekar
Road, Vengurla, Bhatawadi, Dist. Sindhudurg-416 516.
kesladphmc@yahoo.in",Maharashtra,1615,Private,40,-,-,Permission with Reduction of Seats in UG Course,Permission,UG
162,"Kisan Dnyanoday Mandal’s Homoeopathic Medical College, Nimzari Road, Shirpur Dist.
Dhule-425405. hmcshirpur@gmail.com",Maharashtra,1616,Private,57,-,-,Permission with Reduction of Seats in UG Course,Permission,UG
163,"DRSGWF's Vrindawan Homoeopathic Medical College & Hospital, Hahnemann Hills, Chandanapuri Ghat, Gunjalwadipathar, Post- Warudi Pathar, Tal: Sangamner, Dist: Ahilyanagar
- 422620.  rs_gunjal@rediffmail.com,
mhfhmc@gmail.com",Maharashtra,1617,Private,81,-,-,Permission with Reduction of Seats in UG Course,Permission,UG
164,"Nootan Homoeopathic Medical College and Hospital, Gat No.412, Landgewadi, Tal.
Kavathemahankal, Dist. Sangli- 416405, M.S.. nootanhch@gmail.com",Maharashtra,1621,Private,60,-,-,-,Conditional Permission,UG
165,"Purushottamdas Bagla Homoeopathic Medical College and Hospital,  Pathanpura Marda Road, Arwat, Dist. Chandrapur-442402. pbhmc@rediffmail.com",Maharashtra,1622,Private,50,-,-,-,Conditional Permission,UG
166,"Sayali Charitable Trust, College of Homoeopathy, Gut No. 141, 150, 55 Mitmita, Nashik Road, Aurangabad-431003. drpyk1953@gmail.com",Maharashtra,1623,Private,100,-,-,-,Conditional Permission,UG
No,College Name,STATE,College Code,Govt/ Pvt,"Permission UG
(Including EWS)",Permission PG,Permission PG  (Subject Wise),Reduction of Seats,"MARBH
Decision",Scheme
167,"Shri Bhagwan Homoeopathic Medical College and Indira Gandhi Memorial Hospital, CIDCO N-6, Aurangabad-431003. principal.bhmc@gmail.com",Maharashtra,1624,Private,100,-,-,-,Permission,UG
168,"Shri Takhatmal  Shrivallabh Homoeopathic Medical College, Homoeo. Sadan, Rajapet, Amravati.-444 606. tshmc_26@rediffmail.com",Maharashtra,1625,Private,0,-,-,-,Denial,UG
169,"Shri Tatyasaheb Ghatake Charitable Trust, R.R. Patil College of Homoeopathy & Hospital, Pune Baypass Road, Sangli-416416. drghatagehospital@rediffmail.com",Maharashtra,1626,Private,100,6,Paediatrics - 6,-,Conditional Permission,UG+PG
170,"Vidya Vaibhav Shikshan Mandal Dapoli Homoeopathic Medical College, At. Apati, P.O. Talsure, Taluka-Dapoli, Distt. Ratnagiri- 415 712. dhmcdapoli@rediffmail.com",Maharashtra,1627,Private,100,-,-,-,Permission,UG
171,"Matoshri Aasarbai Darade Homoeopathic College, Matoshri Asarabai Darade Homoeopathic Medical college Babhulgaon , Tal- Yeola, Dist-Nashik. eduyeola1@gmail.com",Maharashtra,1618,Private,60,-,-,-,Conditional Permission,UG
172,"Disha Shikshan-V-Vikas Kendra‘s E.B. Gadkari Homoeopathic Medical College, 1830/A/B, Kadgaon Road, Opposite Govt. Rest House, Gadhinglaj, Dist. Kolhapur-416 502. ebghmc@gmail.com",Maharashtra,1628,Private,50,-,-,-,Conditional Permission,UG
173,"Gandhi Natha Rangaji Homoeopathic Medical College, 13, Budhawar Peth, Jain Boarding Campus, Balives, Solapur- 413 002. gnrhmc09@gmail.com",Maharashtra,1629,Private,35,-,-,Permission with Reduction of Seats in UG Course,Permission,UG
174,"Bharati Vidyapeeth’s Homoeopathic Medical College, Dhankawadi, Katraj, Pune-411043. hmc@bharatividyapeeth.edu",Maharashtra,1630,Private/Deemed University,100,28,"Organon of Medicine-6 Materia Medica-4 Repertory-6
Practice of Medicine-6 Pharmacy-6",Permission with Reduction of Seats in PG Course,Conditional Permission,UG+PG
No,College Name,STATE,College Code,Govt/ Pvt,"Permission UG
(Including EWS)",Permission PG,Permission PG  (Subject Wise),Reduction of Seats,"MARBH
Decision",Scheme
175,"Dakshin Kesari Muni Mishrilalji Homoeopathic Medical College, Behind Bibi Ka Makbara, Shree Guru Ganesh Nagar, Aurangabad-431 004. dkmmhmc1989@gmail.com",Maharashtra,1631,Private,100,37,"Organon of Medicine-6 Materia Medica-6 Repertory-5
Practice of Medicine-5 Pharmacy-3 Paediatrics-6 Psychiatry-6",Permission with Reduction of Seats in PG Course,Conditional Permission,UG+PG
176,"Dr. M.L. Dhawale Memorial Homoeopathic Institute, Opp. S.T. Workshop, Palghar Boisor Road, Palghar- 401 404 . mldmhipg@gmail.com",Maharashtra,1632,Private,-,36,"Organon of Medicine-6 Materia Medica- 6
Repertory- 6 Practice of Medicine-6
Paediatrics-6
Psychiatry-6",-,Permission,PG
177,"Foster Development Homoeopathic Medical College, N-5, Behind Gulmohar Colony, CIDCO, Aurangabad-431003. fdhmc@yahoo.com",Maharashtra,1633,Private,100,36,"Organon of Medicine-6 Materia Medica-6 Repertory-6
Practice of Medicine-6
Paediatrics-6 Pharmacy-6",-,Permission,UG+PG
178,"Guru Mishri Homoeopathic Medical College & Hospital at Shelgaon, Tq. Badnapur, Dist. Jalna- 431 202. info@gurumishrihmc.edu.in",Maharashtra,1634,Private,88,51,"Organon of Medicine-9 Materia Medica-9 Repertory-9
Practice of Medicine-9 Paediatrics-6
Pharmacy-9",Permission with Reduction of seats in UG Course,Permission,UG+PG
179,"National Medical College of Homoeo. Science (Vamanrao Ithape Homoeopathic Medical College), New Nagar Road, Sangamner, Distt.
Ahmednagar-422 605. vihmc2016@gmail.com",Maharashtra,1635,Private,100,27,"Organon of Medicine-6 Materia Medica- 6 Repertory-3
Practice of Medicine-6 Paediatrics-3
Psychiatry-3",-,Conditional Permission,UG+PG
180,"OMAR Homoeopathic Medical College and Research Center, New Railway Station, Rajni, Tq.
Gansawangi, Dist. Jalna,-425415. jamiaakkalkuwa@gmail.com, omarhmc20@gmail.com",Maharashtra,1619,Private,100,-,-,-,Conditional Permission,UG
181,"Shraddha Homoeopathic Medical College Hospital and Research Center, Dist-Washim, Kondalazambre, Maharashtra- 443301. shindegroup2005@gmail.com",Maharashtra,1620,Private,100,-,-,-,Conditional Permission,UG
182,"Shri Prakashchand Jain Homoeopathic Medical College, Mayur complex, Bajrangpura road Jamner Tal-Jamner, Dist-Jalgaon. pjbsjamner@gmail.com",Maharashtra,1664,Private,0,-,-,-,Denial,UG
No,College Name,STATE,College Code,Govt/ Pvt,"Permission UG
(Including EWS)",Permission PG,Permission PG  (Subject Wise),Reduction of Seats,"MARBH
Decision",Scheme
183,"Panchsheel Homoeopathic Shikshan Prasarak Mandal’s Homoeopathic Medical College, Civil Lines, Kelanagar, Khamgaon-444 303, Dist.
Buldana. principal@phomoeocollege.com",Maharashtra,1636,Private,100,11,"Organon of Medicine-3 Materia Medica-1 Repertory-3
Practice of Medicine-3 Paediatrics-1",Permission with Reduction of Seats in PG Course,Permission,UG+PG
184,"Pouravi Shikshan Prasarak Mandal’s Mahila Homoeopathic Medical College & Hospital, 283/1B,  Kolgiri Nagar,  Hotgi Road, Majrewadi, Solapur,  Maharashtra. pspmmhmc2013@gmail.com",Maharashtra,1637,Private,71,14,"Materia Medica-4 Repertory-5
Practice of Medicine-5",Permission with reduction of seats in UG and PG Course,Permission,UG+PG
185,"Ahmednagar Homoeopathic Medical College, Savedi Road, Ahmednagar-414 003. ahmcahmednagar@yahoo.in",Maharashtra,1638,Private,100,-,-,-,Conditional Permission,UG
186,"Anantrao Kanse Homoeopathic Medical College Hospital, Alephata, Tal.Junnar, Distt. Pune- 412411. akhmcr@hotmail.com",Maharashtra,1639,Private,100,-,-,-,Conditional Permission,UG
187,"Antarbharti Homoeopathic Medical College ,Near Airforce, Vayusena Road, Dabha, Nagpur, Maharashtra 440023. ahmc1973@gmail.com",Maharashtra,1640,Private,0,-,-,-,Denial,UG
188,"Atal Bihari Vajpayee Homoeopathic Medical College and Hospital, At-Jalke, Khadke, Tq. –Newasa, Dist. Ahmednagar. abvhmc111@gmail.com",Maharashtra,1641,Private,50,-,-,Permission with reduction of seats in UG Course,Permission,UG
189,"Shri Jagadguru Panchacharya Education Society’s Homoeopathic Medical College, 200 E, Tararani Chowk, Kolhapur-416 003. hmc_h@yahoo.com",Maharashtra,1642,Private,75,6,Practice of Medicine-3 Paediatrics-3,-,Conditional Permission,UG+PG
190,"Baliraja Shikshan Prasarak Mandal’s Padmashri Shyamraoji Kadam Homoeopathic Medical College, Hospital & Research Centre, CIDCO, New Nanded-431603. smpskhmc@gmail.com",Maharashtra,1643,Private,100,-,-,-,Permission,UG
No,College Name,STATE,College Code,Govt/ Pvt,"Permission UG
(Including EWS)",Permission PG,Permission PG  (Subject Wise),Reduction of Seats,"MARBH
Decision",Scheme
191,"Dhanvantari Homoeopathic Medical College and Hospital & Research Centre, Dhanvantari Campus, Kamatwade, Opp. Abhiyanta Nagar, CIDCO, Nashik- 422008.
dhanvantaricollege@yahoo.com",Maharashtra,1644,Private,40,-,-,Permission with Reduction of Seats in UG Course,Permission,UG
192,"Godawari Foundation Dr. Ulhas Patil Homoeopathic Medical College, Godavari Hospital, M.J. College Road, Distt. Jalgaon- 425001. duphmchj@gmail.com",Maharashtra,1645,Private,100,-,-,-,Conditional Permission,UG
193,"Smt. Kanchanbai Babulalji (K..B.) Abad Homoeopathic Medical College, At & P.O. Neminagar, Chandwad, Dist. Nashik-423 101. kbahmc_nsk@rediffmail.com",Maharashtra,1646,Private,100,12,"Organon of Medicine-3 Materia Medica-3 Repertory-3
Practice of Medicine-3",-,Conditional Permission,UG+PG
194,"Sonajirao Kshirsagar Homoeopathic Medical College, Vidhya Nagar (W), College Road, Beed- 431 122. info@skhmcb.ac.in",Maharashtra,1647,Private,87,42,"Organon of Medicine-6 Materia Medica-6 Repertory-6
Practice of Medicine-6 Paediatrics-6 Pharmacy-6 Psychiatry-6",Permission with reduction of seats in UG Course,Permission,UG+PG
195,"Gulabrao Patil Homoeopathic Medical College,795, Gulabrao Patil  Education Camps, Near Govt. Milk Dairy, Distt. Sangli,  Miraj- 416410. gphmc@rediffmail.com",Maharashtra,1648,Private,86,-,-,Permission with reduction of seats in UG course,Conditional Permission,UG
196,"Homoeopathic Medical College, Akot Road, Akola 444001. heshmc1954@gmail.com",Maharashtra,1649,Private,100,-,-,-,Conditional Permission,UG
197,"Janseva Mandal’s Sai Homoeopathic Medical College, Dugad Phata, Tal-Bhiwandi, Distt. Thane- 421302 . principalsaihmc@gmail.com",Maharashtra,1650,Private,0,-,-,-,Denial,UG
198,"K.E.S.’s Chandrakant Hari Keluskar Homoeopathic Medical College, Alibag, Dist. Raigad-402 201.keschkhmca@yahoo.co.uk",Maharashtra,1651,Private,75,-,-,-,Conditional Permission,UG
No,College Name,STATE,College Code,Govt/ Pvt,"Permission UG
(Including EWS)",Permission PG,Permission PG  (Subject Wise),Reduction of Seats,"MARBH
Decision",Scheme
199,"Konkan Education & Medical Trust’s Virar Homoeopathic Medical College, Veer Savarkar Marg, Virar, Tal.Vasai, Dist.
Thane-401305. vhmcvirar@hotmail.com",Maharashtra,1652,Private,75,-,-,-,Permission,UG
200,"Late Mrs. Housabai Homoeopathic Medial College and Hospital, Nimshirgaon-416101, Sangli-Kolhapur Road, Near Dharmnaga, Tal- Shirol, Distt. Kolhapur . hhmc20@gmail.com",Maharashtra,1653,Private,71,-,-,Permission with reduction of seats in UG Course,Conditional Permission,UG
201,"Lokmanya Medical Foundation’s Homoeopathic Medical College, Near Elpro Company, Behind Auditorium of P.C.M. Chinchwad, Pune-411 033. chinchom@rediffmail.com",Maharashtra,1654,Private,100,-,-,-,Conditional Permission,UG
202,"Mahalaxmi Homoeopathy Medical College, S. No.259 At. Post Raigaon, Tal.Jaoli, Distt. Satara- 415020. info@sdncedu.com",Maharashtra,1655,Private,41,-,-,Permission with reduction of seats in UG Course,Conditional Permission,UG
203,"Rashtrasant Janardan  Swami  Homoeopathic Medical college & Research Centre, Ahmednagar. rajaswa9090@gmail.com, rajaswahomoeopathic@gmail.com",Maharashtra,1656,Private,0,-,-,-,Denial,UG
204,"Samarth Education Trust’s Sawakar Homoeopathic Medical College, AM-1./1, Additional MIDC, Degaon Road, Satara. hmcsatara@gmail.com",Maharashtra,1657,Private,100,-,-,-,Conditional Permission,UG
205,"Sharadchandraji Pawar Homoeopathic Medical College and Hospital, At Shiva Trust Campus, Wadala-Mahadev Tq. Shiriram Distt.
Ahmednagar-413739. sphmc111@gmail.com",Maharashtra,1658,Private,97,-,-,Permission with reduction of seats in UG Course,Conditional Permission,UG
206,"Shri Chamundamata Homoeopathic Medical College & Hospital, 9, 10, 11 Gayatri Nagar Telephone & Parakh Nagar, Jillha Peth, Jalgaon- 425003. Principal@homoeopathy ac.in",Maharashtra,1659,Private,88,-,-,Permission with reduction of seats in UG Course,Conditional Permission,UG
No,College Name,STATE,College Code,Govt/ Pvt,"Permission UG
(Including EWS)",Permission PG,Permission PG  (Subject Wise),Reduction of Seats,"MARBH
Decision",Scheme
207,"Smt. Chandaben Mohanbhai Patel Homoeopathic Medical College, Irla,Natakkar R.G. Gadkari Marg,Vile, Parle (West), Mumbai- 400 056. cmphmc@yahoo.com",Maharashtra,1660,Private,100,-,-,-,Permission,UG
208,"SSVP Homoeopathic Medical College & Research Institute, B-101, Tulsi Arcade, Connought Place, CIDCO, Aurangabad- 431003, Hingoli. svphomeopathichatta@gmail.com",Maharashtra,1661,Private,60,-,-,-,Permission,UG
209,"Vasantrao Kale Medical College & Hospital, P- 12,
M.I.D.C. Kallam Road,  Latur – 413 531. vkhmclatur@gmail.com",Maharashtra,1662,Private,75,-,-,-,Conditional Permission,UG
210,"Matoshri Homoeopathic Medical College, MKD Educational Campus, Eklahare, Tal. Nashik, Dist.
Nashik - 422105. eduyeola2@gmail.com",Maharashtra,1666,Private,0,-,-,-,Denial,UG
211,"Sai Homoeopathic Medical College, At Gat No. 67, Solapur-Barshi Highway, Sasure (Vairag), Tal- Barshi, Dist. Solapur 413402. saihomoeopathy14@gmail.com",Maharashtra,1667,Private,100,-,-,-,Conditional Permission,UG
212,"Venutai Yashwantrao Chavan Homoeopathic Medical College, 2968 “C”, Dasara Chowk, Kolhapur -416002. vychmc44@gmail.com",Maharashtra,1663,Private,0,-,-,-,Denial,UG
213,"Dr. R.N. Lahoti homoeopathy medical college, hospital and research center, Sultanpur (MS) , Survey No. 900/1, 900/2, At Po. Sultanpur, Tq. Lonar, Dist. Buldhana, Maharashtra - 443302. drrnlhmc@gmail.com",Maharashtra,1665,Private,50,-,-,Permission with Reduction of Seats in UG Course,Permission,UG
214,"Anand College of Homoeopathy, At. Phulewadi Road, Vaijapur Tal. Vaijapur, Dist. Chhatrapati Sambhajinagar, Maharashtra. Email id: anandhomeo11@gmail.com",Maharashtra,1668,Private,60,-,-,-,Permission,UG
No,College Name,STATE,College Code,Govt/ Pvt,"Permission UG
(Including EWS)",Permission PG,Permission PG  (Subject Wise),Reduction of Seats,"MARBH
Decision",Scheme
215,"Muhammad Wahed Homoeopathic Medical College and Research Centre. At Anwapada, Post. Anwa Tq. Bhokardan, Dist-Jalna - 431112. Email id: binyaminvastanvi@gmail.com, mwhmc20@gmail.com",Maharashtra,1669,Private,60,-,-,-,Permission,UG
216,"Shalintai Meghe Homoeopathy Hospital College and Research Center, Wanadongri, Hingna, Nagpur - 441110 Maharashtra.
Email id: info@dmiher.edu.in, homeopathycollege@dmiher.edu.in",Maharashtra,1670,Private/Deemed University,100,-,-,-,Permission,UG
217,"Ashokrao mane Homoeopathic Medical College & Hospital, R.S.NO.19/A, Peth Vadgaon, Hatkanangale, Kolhapur, Maharashtra - 416112.",Maharashtra,,Private,100,-,-,-,Conditional Permission,UG
218,"North Eastern Institute of Ayurveda and Homoeopathy, Mawdiangdiang, Shillong-793018. dir-neiah@nic.in, neiahshillong@gmail.com",Meghalaya,1701,Govt./NI,63,8,"Organon of Medicine-02 Materia Medica-02 Repertory-02
Practice of Medicine-02",-,Conditional Permission,UG+PG
219,"Cuttack Homoeopathic Medical College, Naya Bazar, Cuttack-753004. pksatapathy2013@gmail.com",Odisha,1801,Private,0,-,-,-,Denial,UG
220,"Mayurbhanj Homoeopathic Medical College and Hospital, At & P.O. Baripada, Distt.
Mayurbhanj-757029. mhmchbaripada@gmail.com",Odisha,1804,Private,0,-,-,-,Denial,UG
221,"Dr. Abhin Chandra Homoeopathic Medical College and Hospital, Unit-III, Kharvela Nagar, Bhubaneswar, Distt. Puri.
-751 001. drachmch@gmail.com",Odisha,1802,Govt.,50,3,Materia Medica-3,Permission with Reduction of Seats in UG & PG Course,Permission,UG+PG
222,"Manjari Devi Homoeopathic Medical College and Hospital, At-Puranapadhan ,Plot No-262, Post- Sisilo, Via Balakati , P.S-Balianta, Bhubaneswar, Dist-Khordha -752100. manjaridevihospitalbhubaneswar@gmail.com",Odisha,1806,Private,0,-,-,-,Denial,UG
No,College Name,STATE,College Code,Govt/ Pvt,"Permission UG
(Including EWS)",Permission PG,Permission PG  (Subject Wise),Reduction of Seats,"MARBH
Decision",Scheme
223,"Biju Pattnaik Homoeopathic Medical College, Berhampur- 760001 Ganjam. bphmch@gmail.com",Odisha,1803,Govt.,25,-,-,Permission with Reduction of Seats in UG Course,Permission,UG
224,"Orissa Medical College of Homoeopathy & Research, Sambalpur-768 001. principalomchr@gmail.com",Odisha,1805,Govt.,25,-,-,Permission with Reduction of Seats in UG Course,Permission,UG
225,"Utkalmani Homoeopathic Medical College & Hospital, Naya Bazar, Rourkela-769010. pandadrratnakar@gmail.com, uhmcrkl@gmail.com",Odisha,1807,Govt.,25,-,-,Permission with reduction of seats in UG Course,Permission,UG
226,"Homoeopathic Medical College, Hanumangarh Road,Near Bye Pass), Abohar-152 116. hmcabohar@yahoo.com",Punjab,1901,Private,48,-,-,Permission with Reduction of Seats in UG Course,Permission,UG
227,"Kalyan Homoeopathic Medical College & Hospital Jandiala Rd, St. Marry Colony, Tarn Taran Sahib, Punjab 143401. kalyanhmc92@yahoo.com",Punjab,1903,Private,0,-,-,-,Denial,UG
228,"Sri Gurunanak Dev Homoeopathic Medical College, Canal Road, Barewal, Near Punjab Agricultural University. Via Ayalikalan, Ludhiana- 142027. sgndhmc@yahoo.co.in",Punjab,1902,Private,0,0,0,-,Denial,UG+PG
229,"Lord Mahavira Homoeopathic Medical College, Dr. Hahnemann Chowk, Kitchlu Nagar, Civil Lines, Ludhiana- 141 001. lmhmcldh@gmail.com",Punjab,1904,Private,40,-,-,Permission with Reduction of Seats in UG Course,Permission,UG
230,"Mangilal Nirban Homoeopathic Medical College and Research Institute, M.N.S. Hospital & Research Center, Bikaner-334001. mnhmcbikaner@yahoo.com",Rajasthan,2001,Private,38,-,-,Permission with Reduction of Seats in UG Course,Permission,UG
No,College Name,STATE,College Code,Govt/ Pvt,"Permission UG
(Including EWS)",Permission PG,Permission PG  (Subject Wise),Reduction of Seats,"MARBH
Decision",Scheme
231,"Bharatiya Homoeopathic Medical College and Hospital, NH-11, Agra- Fatehpur Sikri Road, Bhartpur – 320001. bhmcbharatpur72@gmail.com",Rajasthan,2004,Private,0,-,-,-,Denial,UG
232,"Sri Ganganagar Homoeopathic Medical College, Hanumangarh Road, Sriganganagar- 335002. sgnrhmc@gmail.com",Rajasthan,2002,Private,100,30,"Organon of Medicine-5 Materia Medica-5 Repertory-5
Practice of Medicine-5 Paediatrics-5
Psychiatry-5",-,Conditional Permission,UG+PG
233,"Swasthya Kalyan Homoeopathic Medical College & Research Centre, Jai Villa, Narain
Singh Road, Near Trimurti Circle, Jaipur-302004. principalskhmc@gmail.com",Rajasthan,2003,Private,100,28,"Organon of Medicine-6 Materia Medica-4 Repertory-4
Practice of Medicine-3 Paediatrics-3 Psychiatry-5 Pharmacy-3",-,Conditional Permission,UG+PG
234,"Aarogya Homoeopathic Medical College, P.No.104/1, Dhani Kagota Ki Naila Kanota, Jamwaramgarh, Jaipur- 303012. svspseducation@gmail.com",Rajasthan,2005,Private,0,-,-,-,Denial,UG
235,"Rajasthan Vidyapeeth Homoeopathic Medical College, Vidyapeeth Campus, Dabok, Udaipur- 313 002. rvhmcdabok123@gmail.com",Rajasthan,2006,Private/Deemed University,100,8,Practice of Medicine-4 Paediatrics-4,-,Conditional Permission,UG+PG
236,"Under Faculty of Homoeopathic Sciences, Jayoti Vidyapeeth Women’s University, Vedaant Gyan Valley, Jharna, Mahala Jobber, Link Road, Jaipur- Ajmer Express Way , NH-8, Jaipur-303122 . jvwuni@yahoo.com",Rajasthan,2007,Private,0,-,-,-,Denial,UG
237,"Madhav Homoeopathic Medical College and Hospital, Madhav Hills, Post-Bharja, Tehsil- Pindwara, Opp. Banas River Bridge Toll, NH- 27, Abu Road, Sirohi-307026. dean.homoeopathy@madhavuniversity.edu.in",Rajasthan,2008,Private,60,-,-,-,Conditional Permission,UG
238,"Dr. Madan Pratap Khuteta  Homoeopathic Medical College, Homoeopathy Plot No.10-11 & 12, Village Saipura, Sanganer, Jaipur – 302029. drmpkhmcsociety@gmail.com",Rajasthan,2009,Private,100,34,"Organon of Medicine-6 Materia Medica-6 Repertory-6
Practice of Medicine-6
Paediatrics-4 Pharmacy-6",-,Conditional Permission,UG+PG
No,College Name,STATE,College Code,Govt/ Pvt,"Permission UG
(Including EWS)",Permission PG,Permission PG  (Subject Wise),Reduction of Seats,"MARBH
Decision",Scheme
239,"University College of Homoeopathy,  Kadwad, Jodhpur  342037.  uch.jodhpur@gmail.com",Rajasthan,2011,Govt.,75,-,-,-,Conditional Permission,UG
240,"University College of Homoeopathy, Kekri, Ajmeri Gate, CHC old building, Kekri, Ajmer - 305404 . uchkekri@gmail.com",Rajasthan,2010,Govt.,75,-,-,-,Conditional Permission,UG
241,"Yuvraj Pratap Singh Memorial Homoeopathic Medical College, Shivaji Park, Alwar.- 301 001. ypsmhomoeo@gmail.com",Rajasthan,2013,Private,30,-,-,-,Conditional Permission,UG
242,"Martin Homoeopathic Medical College & Hospital, D.P.F. Mill Premises, G.N. Mills (P.O.), Mettupalayam Road, Coimbatore-641029. homoeocollege@gmail.com",Tamil Nadu,2101,Private,50,-,-,-,Conditional Permission,UG
243,"Sri Sairam Homoeopathic Medical College and Research Centre, (Sapthagiri Education Trust), Sai Leo Nagar Tambaram West Chennai- 600044. principal@sairamhomoeo.edu.in",Tamil Nadu,2102,Private,50,-,-,-,Conditional Permission,UG
244,"Venkateswara Homoeopathic Medical College and Hospital No. 4/11, Samayapuram Main Road, Karambakkam, Porur, Chennai-600116. vhmc2000@yahoo.com",Tamil Nadu,2103,Private,100,-,-,-,Conditional Permission,UG
245,"Sarada Krishna Homoeopathy Medical College, Kulasekharam  Distt. Kanyakumari-629161. college@skhmc.org",Tamil Nadu,2104,Private,100,41,"Organon of Medicine-6 Materia Medica-6 Repertory-6
Practice of Medicine-6 Paediatrics-6 Pharmacy-6 Psychiatry-5",-,Permission,UG+PG
No,College Name,STATE,College Code,Govt/ Pvt,"Permission UG
(Including EWS)",Permission PG,Permission PG  (Subject Wise),Reduction of Seats,"MARBH
Decision",Scheme
246,"Vinayaka Mission’s Homoeopathic Medical College, Chinnaseeragapadi, P.O. NH 47, Sankari Main Road, Salem- 636 308. principal.vmhmc@vmu.edu.in",Tamil Nadu,2105,Private/Deemed University,100,21,"Organon of Medicine-3 Materia Medica-3 Repertory-3
Practice of Medicine-3 Paediatrics-3 Pharmacy-3 Psychiatry-3",-,Conditional Permission,UG+PG
247,"White Memorial Homoeopathic Medical College, Attoor, Veeyanoor-629 177.Dist. Kanyakumari. wmhmc062@gmail.com",Tamil Nadu,2106,Private,100,25,"Organon of Medicine-5 Materia Medica-5 Repertory-5
Practice of Medicine-5 Paediatrics-5",-,Conditional Permission,UG+PG
248,"Dr. Hahnemann Homoeopathy Medical College, & Research Centre. Koneripatti, Rasipuram, Namakkal Dist- 637408. drhmcrc@gmail.com",Tamil Nadu,2107,Private,100,-,-,-,Conditional Permission,UG
249,"Excel Homoeopathy Medical College
NH 544 Ranganoor Road, , Sankari West Post, Pallakkapalayam, Komarapalayam, Namakkal- 637303. principalbhms@excelcolleges.com",Tamil Nadu,2108,Private,100,-,-,-,Conditional Permission,UG
250,"Govt. Homoeopathic Medical College and Hospital, At. Thirumangalam, Dist. Madurai – 626706. ghmchtmm@gmail.com",Tamil Nadu,2109,Govt.,63,-,-,-,Conditional Permission,UG
251,"Maria Educational and Charitable Trust, Chevaracode Kanyakumari’s Maria Homoeoapthic Medical College and Hospital, Perai Thiruvattar P.O., Kanyakumari Distt.,- 629177. mariahomoeocollege@gmail.com",Tamil Nadu,2110,Private,100,36,"Organon of Medicine - 6 Materia Medica - 6 Repertory - 6
Homoeopathic Pharmacy - 6 Practice of Medicine - 6 Paediatrics - 6",-,Conditional Permission,UG+PG
252,"R.V.S. Homoeopathy Medical College and Hospital, 242 B, Trichy Road, Sulur, Coimbatore
Distt.- 402. rvs.homoeo@gmail.com",Tamil Nadu,2111,Private,50,-,-,-,Conditional Permission,UG
No,College Name,STATE,College Code,Govt/ Pvt,"Permission UG
(Including EWS)",Permission PG,Permission PG  (Subject Wise),Reduction of Seats,"MARBH
Decision",Scheme
253,"Sivaraj Homoeopathic Medical College & Research Institute, Siddhar Kovil Road, Thumbathulipatty, Perumampathy  (P.O.), Salem- 636 307. sivarajcolleges@yahoo.com",Tamil Nadu,2112,Private,50,-,-,-,Conditional Permission,UG
254,"S.V.S. Medical College of Homoeopathy and Research Institute, Kallakurichi Villupuram District-606202. svsmc.trust@gmail.com",Tamil Nadu,2113,Private,0,-,-,-,Denial,UG
255,"Shri Barani Homoeopathic Medical College and Hospital, Tiruchengode, Namakkal. shribaranihmch@gmail.com",Tamil Nadu,2114,Private,0,-,-,-,Denial,UG
256,"J.S.P.S. Govt. Homoeopathic Medical College, Ramanathapur, Hyderabad-500 013.
jspsghmchydts@gmail.com",Telangana,2201,Govt.,125,38,"Organon of Medicine-7 Materia Medica-8 Repertory-7
Practice of Medicine-4 Paediatrics-4 Pharmacy-4 Psychiatry-4",-,Conditional Permission,UG+PG
257,"JIMS Homoeopathic Medical College & Hospital, Sriramnagar, Muchintal Village, Palamakula P.O., Shamshabad Mandal, Ranga Reddy District- 509325. jimshmch@gmail.com",Telangana,2202,Private,100,54,"Organon of Medicine-9 Materia Medica-9 Repertory-9
Practice of Medicine-9 Paediatrics-6 Pharmacy-6 Psychiatry-6",-,Permission,UG+PG
258,"Devs Homoeopathic Medical College and Hospital, Devanagar, Ankireddy palli, Kesara Mandal, R. R. District.--501301. devsmedical@gmail.com",Telangana,2203,Private,50,-,-,-,Conditional Permission,UG
259,"MNR Homoeopathic Medical College & Hospital, 2- 23B/350, Bhagyanagar Phase-III, Near HMT Hills Colony, Opp;JNTU, Kukatpally, Hyderabad- 500085.
info@mnrindia.org, p.mnrhmc@mnrindia.org",Telangana,2205,Private,100,53,"Organon of Medicine-8 Materia Medica-7 Repertory-9
Practice of Medicine-8 Paediatrics-7 Pharmacy-6 Psychiatry-8",-,Conditional Permission,UG+PG
No,College Name,STATE,College Code,Govt/ Pvt,"Permission UG
(Including EWS)",Permission PG,Permission PG  (Subject Wise),Reduction of Seats,"MARBH
Decision",Scheme
260,"Shreyaan Ishaan Educational Society, Hamsa Homoeopathy Medical College, Hospital and Research Centre, Kasheersagar Village, Mulugu Mandal, Medak Distt.-502279. hamsahomeopathy@gmail.com",Telangana,2206,Private,70,28,"Materia Medica-04 Homoeopathic Pharmacy-04 Organon of Medicine-04 Repertory-04
Practice of Medicine-04 Psychiatry-04 Paediatrics-04",Permission with Reduction of Seats in UG & PG Course,Permission,UG+PG
261,"Guru nanak Homoeopathic Medical College & Hospital, Ibrahimpatnam, Ranareddy District, Hyderabad-501506. Principal.uih@gnuindia.org",Telangana,2204,Private,80,-,-,Permission with Reduction of Seats in UG Course,Permission,UG
262,"Sh. Sainath Post Graduate Institute of Homoeopathic Medical College and Research Center, 109/04, Gorge Town, Prayagraj-211003. snpgi@rediffmail.com",Uttar Pradesh,2407,Private,-,0,0,-,Denial,PG
263,"National Homoeopathic Medical College & Hospital, 1, Viraj Khand, Gomti Nagar, Lucknow - 226001. nhmclko@yahoo.co.in",Uttar Pradesh,2401,Govt.,125,23,"Organon of Medicine-  8 Materia Medica- 8
Repertory- 7",-,Conditional Permission,UG+PG
264,"Bakson Homoeopathic Medical College, B-36, Knowledge Park, Phase-I, Greater NOIDA, Dist.
Gautam Budha Nagar- 201306. college@bakson.net",Uttar Pradesh,2402,Private,100,42,"Organon of Medicine-6 Materia Medica-6 Repertory-6
Practice of Medicine-6 Paediatrics-6 Pharmacy-6 Psychiatry-6",-,Conditional Permission,UG+PG
265,"Naiminath Homoeopathic Medical College, Hospital & Research Centre, Village Nawalpur, Tehsil Etmadpur, Agra.- 283206. nhmcagra@gmail.com",Uttar Pradesh,2403,Private,70,26,"Organon of Medicine-3 Materia Medica-4 Repertory-3
Practice of Medicine-6
Paediatrics-5 Pharmacy-5",Permission with Reduction of Seats in UG & PG Course,Permission,UG+PG
266,"Pt. Jawaharlal Nehru State Homoeopathic Medical College and Hospital, Block A/1, Scheme- 38, Lakhanpur, Kalyanpur, Kanpur- 208024. pjlnrhmc@gmail.com",Uttar Pradesh,2404,Govt.,125,15,Materia Medica- 8 Repertory-7,-,Conditional Permission,UG+PG
No,College Name,STATE,College Code,Govt/ Pvt,"Permission UG
(Including EWS)",Permission PG,Permission PG  (Subject Wise),Reduction of Seats,"MARBH
Decision",Scheme
267,"State Lal Bahadur Shastri Homoeopathic Medical College and Hospital, Phaphamau, Allahabad. drhemlata2@gmail.com",Uttar Pradesh,2405,Govt.,125,13,Materia Medica-13,-,Conditional Permission,UG+PG
268,"State Dr. Brij Kishore Homoeopathic Medical College and Hospital, Deokali, Faizabad-224001. principalbkhm@gmail.com",Uttar Pradesh,2406,Govt.,38,-,-,-,Conditional Permission,UG
269,"State Ghazipur Homoeopathic Medical College and Hospital, Rauza, Ghazipur- 233001. ghmcgzp@gmail.com",Uttar Pradesh,2408,Govt.,63,-,-,-,Permission,UG
270,"State Homeopathic Medical College and Hospital, Gorakhpur-273402. principalshmcg@gmail.com",Uttar Pradesh,2409,Govt.,125,-,-,-,Conditional Permission,UG
271,"State Homoeopathic Medical College & Hospital, Kasimpur Road, Chherat, Aligarh- 202122. rhmcaligarh@gmail.com",Uttar Pradesh,2410,Govt.,75,-,-,Permission with Reduction of Seats in UG Course,Permission,UG
272,"State K.G.K. Homoeopathic Medical College and Hospital, Rly. Line Par, Moradabad- 001. principalkgkhmcollege@gmail.com",Uttar Pradesh,2411,Govt.,125,-,-,-,Conditional Permission,UG
273,"State Shri Durgaji Homoeopathic Medical College and Hospital, Chandeshwar, Dist. Azamgarh- 276001. principalsdjh13@gmail.com",Uttar Pradesh,2412,Govt.,88,-,-,Permission with Reduction of Seats in UG Course,Permission,UG
274,"G.C.Homoeopathic College & Research CenterHomoeopathic College & Research Center, Vill-Parvatpur, Post-Indaurabagh, Chandrika Devi Road, Bakshi Ka Talab, Lucknow , Uttar Pradesh- 226202. ps.chairman@gcrg.in draaijaz@yahoo.com",Uttar Pradesh,2413,Private,100,-,-,-,Conditional Permission,UG
No,College Name,STATE,College Code,Govt/ Pvt,"Permission UG
(Including EWS)",Permission PG,Permission PG  (Subject Wise),Reduction of Seats,"MARBH
Decision",Scheme
275,"Indian Institute Of Homoeopathy & Hospital , Kakardahi, Post-Baghpur, Kalyanpur, Shivli road, Kanpur (D), Uttar pradesh-209307. iihhdirector@gmail.com",Uttar Pradesh,2414,Private,0,-,-,-,Denial,UG
276,"Singh Sahab Homoeopathic Medical College & Hospital, Vill. Gulariya, Amroha 244221. Email id: sshmcollege@gmail.com",Uttar Pradesh,2415,Private,60,-,-,-,Conditional Permission,UG
277,"Dayalbagh Educational Institute, Homoeopathic Medical College (Deemed to be University), Dayalbagh, Agra-282005. hmcdayalbagh@dei.ac.in",Uttar Pradesh,2416,Private/Deemed University,60,-,-,-,Conditional Permission,UG
278,"Param Himalaya Homoeopathic  Medical College & Research Centre,  Khairi Road, Doiwala, Dehradun-248140. phhmcdehradun@gmail.com",Uttarakhand,2301,Private,0,-,-,-,Denial,UG
279,"Chandola Homoeopathic Medical College & Hospital, Kichcha Road, Ruderpur, P.O. Lalpur, Dist. Udhamsingh Nagar-263148. Nainital. chandola@chandolahomeocollege.com",Uttarakhand,2302,Private,35,-,-,Permission with Reduction of Seats in UG Course,Permission,UG
280,"Bengal Homoeopathic Medical College and Hospital, Ismile, P.O. Asansol-713 301, Dist. Burdwan. bhmchasansol713301@gmail.com",West Bengal,2501,Private,0,-,-,-,Denial,UG
281,"Birbhum Vivekanand Homoeopathic Medical College and Hospital, P.O. Sainthia, Distt.
Birbhum-731234. bvhmchsainthia@gmail.com",West Bengal,2502,Private,30,-,-,Permission with Reduction of Seats in UG Course,Permission,UG
282,"Netai Charan Chakravarty Homoeopathic Medical College and Hospital, 45,  ‘F’ Road, Belgachia, Howrah-711101. dr.joydevghosh@gmail.com",West Bengal,2503,Private,30,-,-,Permission with reduction of seats in UG Course,Permission,UG
No,College Name,STATE,College Code,Govt/ Pvt,"Permission UG
(Including EWS)",Permission PG,Permission PG  (Subject Wise),Reduction of Seats,"MARBH
Decision",Scheme
283,"D.N.De. Homoeopathic Medical College and Hospital, 12, G.K. Road, Kolkata -700 046. dndeofficial@gmail.com",West Bengal,2504,Govt.,63,31,"Organon of Medicine-7 Materia Medica-8 Repertory-8
Pharmacy-4 Practice of Medicine-4",-,Conditional Permission,UG+PG
284,"Mahesh Bhattacharya Homoeopathic Medical College and Hospital, H.I.T. Road, Ichapur, Doomurjala Howrah-711104. principalmbhmch@gmail.com",West Bengal,2505,Govt.,63,18,"Materia Medica- 8
Repertory- 7 Practice of Medicine- 3",-,Conditional Permission,UG+PG
285,"National Institute of Homoeopathy, Block- GE, Sector III, Salt Lake, Kolkata- 700106. admin.nih@nic.in",West Bengal,2506,Govt./NI,126,47,"Organon of Medicine 12 Materia Medica-12 Repertory-11
Practice of Medicine-4 Paediatrics-4
Pharmacy-4",-,Conditional Permission,UG+PG
286,"The Calcutta Homoeopathic Medical College and Hospital, 265/66, Acharya Prafulla Chandra Road, Kolkata-700009. chmch_1881@rediffmail.com",West Bengal,2507,Govt.,63,20,Practice of Medicine-8 Materia Medica -3 Organon of Medicine-3 Homoeopathic Pharmacy-3 Pediatrics-3,-,Conditional Permission,UG+PG
287,"Burdwan Homoeopathic Medical College and Hospital, Nimbarak Bhavan Raj Ganj P.O. Nutanganj, Distt. Burdwan- 713 102. bhmchospital78@gmail.com",West Bengal,2508,Private,25,-,-,Permission with reduction of seats in UG Course,Permission,UG
288,"Kharagpur Homoeopathic Medical College and Hospital, At Kaushallya, P.O. Kharagpur-721301.
Distt. Midnapore. kgphmch@gmail.com",West Bengal,2509,Private,0,-,-,-,Denial,UG
289,"Metropolitan Homoeopathic Medical College and Hospital, Ramchandrapur, Sodepur, Kolkata- 700110. mhmch1@gmail.com",West Bengal,2510,Private,50,-,-,-,Conditional Permission,UG
290,"Midnapore Homoeopathic Medical College and Hospital, P. O. and Dist. Midnapore-721 104. mhmch1945@gmail.com",West Bengal,2511,Govt.,50,-,-,Permission with Reduction of Seats in UG Course,Permission,UG
No,College Name,STATE,College Code,Govt/ Pvt,"Permission UG
(Including EWS)",Permission PG,Permission PG  (Subject Wise),Reduction of Seats,"MARBH
Decision",Scheme
291,"Pratap Chandra Memorial Homoeopathic Hospital and College, 14/1,Narkeldanga North Road, Kolkata-700 011. pcmhhc@gmail.com",West Bengal,2512,Private,0,-,-,-,Denial,UG